ARB ID,Facility Name,Year,Total Co2,Total Covered Emissions,Total Non-Covered Emissions ,City,State,Zip Code,Class Code
3006,3 Phases Renewables,2018,370024.7635,7266.08752,362758.676,El Segundo,CA,90245,221122
104356,3M Corona,2018,15246.68338,0,15246.68338,Corona,CA,92881,212319
104796,AAK Richmond,2018,12789.04643,0,12789.04643,Richmond,CA,94804,311225
104213,ABI Foundry,2018,18486.68884,0,18486.68884,Oakland,CA,94621,331511
104347,"Aemetis Advanced Fuels Keyes, Inc.",2018,78140.45306,78140.45306,0,Ceres,CA,95307,325193
104018,Aera Energy Coastal Basins,2018,427736.5611,424706.2928,3030.268323,San Ardo,CA,93450,211111
104016,Aera Energy San Joaquin Basin,2018,3241464.472,3214236.494,27227.97808,Bakersfield,CA,93311,211111
104017,Aera Energy Ventura Basin,2018,26000.22997,23161.74539,2838.484579,Ventura,CA,93301,211111
101321,"AES Alamitos, LLC",2018,686627.6228,686627.6228,0,Long Beach,CA,90803,221112
100194,"AES Huntington Beach, LLC",2018,201648.6052,201648.6052,0,Huntington Beach,CA,92646,221112
100257,AES Redondo Beach LLC,2018,194684.9952,194684.9952,0,Redondo Beach,CA,90277,221112
104659,Agera Energy LLC,2018,0,0,0,Briarcliff Maor,NY,10510,221122
101701,Air Liquide El Segundo Hydrogen Plant,2018,574149.9283,574149.9283,0,El Segundo,CA,90245,325120
101749,Air Liquide Large Industries US L.P. - Rodeo Hydrogen Plant,2018,863632.6155,863632.6155,0,Rodeo,CA,94572,325120
101017,"Air Products & Chemicals, Inc., Martinez",2018,260248.403,260248.403,0,Martinez,CA,94553,325120
101248,Air Products Carson Hydrogen Plant,2018,729776.2054,729776.2054,0,Carson,CA,90810,325120
101512,"Air Products Manufacturing Corporation, Sacramento",2018,49678.79467,49678.79467,0,Sacramento,CA,95826,325120
100127,Air Products Wilmington Hydrogen Plant,2018,809984.3108,809984.3108,0,Wilmington,CA,90744,325120
3022,Alameda Municipal Power,2018,0,0,0,Alameda,CA,94501,221122
101433,"Algonquin Power Sanger, LLC",2018,66723.26619,66723.26619,0,Sanger,CA,93657,221112
104345,All American Asphalt - Corona,2018,12925.02751,0,12925.02751,Corona,CA,92879,324121
104666,All American Asphalt - Irvine,2018,9472.046429,0,9472.046429,Irvine,CA,92602,324121
104406,Allergan,2018,7864.097509,0,7864.097509,Irvine,CA,92612,325412
100884,Alon Bakersfield Refinery - Area 3,2018,0,0,0,Bakersfield,CA,93308,324110
101237,Alon Bakersfield Refinery - Areas 1&2,2018,18849.72602,18849.72602,0,Bakersfield,CA,93308,324110
104499,Alon Bakersfield Refinery - Areas 1&2 - Fuel Supplier,2018,0,0,0,Bakersfield,CA,93308,324110
101371,AltaGas Pomona Energy Inc (San Gabriel Energy Facility),2018,0,0,0,Pomona,CA,91768,221112
100283,AltaGas Ripon Energy Inc.,2018,5299.133056,0,5299.133056,Ripon,CA,95366,221112
101056,AltAir Paramount LLC,2018,29216.49202,0,29216.49202,Paramount,CA,90723,325199
104759,AltAir Paramount LLC - Fuel Supplier,2018,24311.4699,0,24311.4699,Paramount,CA,90723,325199
104027,Ameresco Chiquita Energy LLC,2018,35678.05737,0,35678.05737,Castaic,CA,91384,221117
104637,Ameresco Forward LLC,2018,16178.26042,0,16178.26042,Manteca,CA,95336,221117
101657,Ameresco Half Moon Bay,2018,45958.17364,0,45958.17364,Half Moon Bay,CA,94019,221117
101748,Ameresco Keller Canyon,2018,16023.91183,0,16023.91183,Pittsburg,CA,94565,221119
104636,Ameresco San Joaquin LLC ,2018,17288.58518,0,17288.58518,Linden,CA,95236,221117
101656,Ameresco Santa Cruz,2018,11872.8504,0,11872.8504,Watsonville,CA,95076,221119
104634,Ameresco Vasco Road,2018,17702.02665,0,17702.02665,Livermore,CA,94551,221117
104727,"American PowerNet Management, LP",2018,0,0,0,Wyomissing,PA,19610,221122
104544,"AmeriGas Propane, L.P.",2018,107173.8118,107173.8118,0,King of Prussia,PA,19406,454312
101179,Amgen Inc.,2018,20016.56101,0,20016.56101,Thousand Oaks,CA,91320,325414
101666,"Ampersand Chowchilla Biomass, LLC, 93610",2018,91294.03546,0,91294.03546,Chowchilla,CA,93610,221119
104487,Ampine: A Division of Timber Products,2018,9993.804916,0,9993.804916,Martell,CA,95654,321219
100943,Anheuser-Busch LLC - Fairfield,2018,16364.046,0,16364.046,Fairfield,CA,94534,312120
101473,Anheuser-Busch LLC - Los Angeles Brewery,2018,39858.68692,34790.93571,5067.751209,Van Nuys,CA,91406,312120
104578,Anza Electric Cooperative,2018,0,0,0,Anza,CA,92539,221122
104722,AOT Energy Americas LLC,2018,14508.73024,0,14508.73024,Houston,TX,77057,424720
104003,"Apex Oil Company, Inc.",2018,379518.491,358094.8564,21423.6346,St. Louis,MO,63105,424710
104725,Apple Valley Choice Energy,2018,0,0,0,Apple Valley,CA,92307,221122
100234,Applied Energy LLC - NAS North Island,2018,17791.98874,17791.98874,0,San Diego ,CA,92135,221112
100229,Applied Energy LLC - NTC/MCRD,2018,11467.62912,11467.62912,0,San Diego,CA,92140,221112
101390,Applied Energy LLC - U.S. Naval Station,2018,23336.56514,23336.56514,0,San Diego,CA,92136,221112
104761,Applied Natural Gas Fuels,2018,124611.9781,31856.87739,92755.10072,Topock,AZ,86436,211112
104042,Archer Daniels Midland,2018,76451.89782,0,76451.89782,Decatur,IL,62526,325199
101715,Arcosa LWFP LLC,2018,25685.53487,25171.75388,513.7809969,Fraizer Park,CA,93225,327123
104673,Arcturus Manufacturing,2018,0,0,0,Oxnard,CA,93033,332111
101342,Ardagh Glass Inc.,2018,83804.7708,83804.7708,0,Madera,CA,93637,327213
2098,Arizona Electric Power Cooperative,2018,9874.903512,9874.903512,0,Cochise,AZ,85606,221112
104131,Arizona Public Service Company,2018,58705.61182,58705.61182,0,Phoenix,AZ,85004,221122
2292,Avangrid Renewables,2018,187494.9737,147993.5697,39501.404,Portland,OR,90120,221119
101696,Avenal State Prison,2018,16646.33571,0,16646.33571,Avenal,CA,93204,922140
104677,Avista Utilities,2018,1800.614032,432.9387192,1367.675312,Spokane,WA,99220-3727,221111
104379,"Azteca Milling, L.P.",2018,13064.16106,0,13064.16106,Madera,CA,93638,311211
3024,Azusa Light and Water,2018,41794.50816,41794.50816,0,Azusa,CA,91702,221122
100897,Badger Creek Limited,2018,3914.062123,3914.062123,0,Bakersfield,CA,93308,221112
104334,"Baker Commodities, Inc., Kerman Division",2018,21863.78525,0,21863.78525,Kerman,CA,93630,311613
104621,"Baker Commodities, Inc., Vernon Division",2018,15537.1942,0,15537.1942,Vernon,CA,90058,311613
104542,Baxalta US Inc.,2018,8046.914627,0,8046.914627,Los Angeles,CA,90039,325414
104165,Bayer Healthcare,2018,14578.77756,0,14578.77756,Berkeley,CA,94710,325414
100890,Bear Mountain Limited,2018,17778.53621,17778.53621,0,Bakersfield,CA,93306,221112
3000,Bear Valley Electric Service (BVES),2018,0,0,0,Big Bear Lake,CA,92315,221122
104623,Belridge Gas Plant - NGL Supplier,2018,101950.3582,24146.96797,77803.39023,McKittrick,CA,93251,211112
100895,Berry Petroleum Company - Placerita,2018,230688.1675,230651.9939,36.17362381,Newhall,CA,91321,211111
104094,Berry Petroleum Company - San Joaquin Basin,2018,1178319.961,1174493.184,3826.776116,Maricopa,CA,93268,211111
3026,Biggs Municipal Utilities,2018,0,0,0,Biggs,CA,95917,221122
100120,Biola University,2018,8613.728894,0,8613.728894,La Mirada,CA,90639,611310
100053,Blue Lake Power,2018,0,0,0,Blue Lake,CA,95525,221117
100342,Blythe Energy,2018,1089802.333,1089802.333,0,Blythe,CA,92225,221112
104054,BNSF Railway - Barstow,2018,443444.7537,443444.7537,0,Barstow,CA,92311,482111
104064,BNSF Railway - Commerce,2018,266004.8531,266004.8531,0,Los Angeles,CA,90040,482111
104065,BNSF Railway - Richmond,2018,140475.2073,140475.2073,0,Richmond,CA,94801,482111
4000,Bonneville Power Administration - AO/CS,2018,0,0,0,Portland,OR,97232,221111
2044,Bonneville Power Administration - Marketer,2018,1329.17832,1329.17832,0,Portland,OR,97222,221111
104692,Boston Energy Trading and Marketing,2018,0,0,0,Boston,MA,2110,221122
101676,Bottle Rock Power - Geothermal,2018,0,0,0,Cobb,CA,95426,221119
104680,"Bowerman Power LFG, LLC",2018,81767.86024,0,81767.86024,Irvine,CA,92602,221118
104074,Boyett Petroleum,2018,321731.5492,306006.4989,15725.0503,Modesto,CA,95350,424720
2113,BP Energy Company,2018,174802.5753,174802.5753,0,Houston,TX,77079,324110
104001,BP West Coast Products LLC (BPWCP) - Terminals,2018,7324022.81,6844932.756,479090.0536,Blaine,WA,98230,424710
100389,Braun Medical Inc,2018,52313.25472,52313.25472,0,Irvine,CA,92614,325412
100061,"Brea Generation, LLC",2018,122158.6541,0,122158.6541,Brea,CA,92821,221119
104075,Breitburn Operating LP - Los Angeles Basin Facility,2018,21765.46759,21430.73801,334.7295809,Santa Fe Springs,CA,90670,211111
100904,"Bridge Energy, LLC",2018,30758.52664,30723.56886,34.95778549,Brea,CA,92821,211111
104120,Brookfield Energy Marketing LP,2018,17461.33716,17461.33716,0,Gatineau,QC,J8X 2A1,551112
3027,Burbank Water and Power,2018,341015.4528,317682.1768,23333.276,Burbank,CA,90120,221121
100018,Burney Forest Products,2018,345765.411,0,345765.411,Burney,CA,96013,221119
104077,BWP/MPP Electricity Generating Facilities at 164 W. Magnolia,2018,615279.6683,615279.6683,0,Burbank,CA,91503,221112
100002,Calciner,2018,282970.6215,282967.0628,3.558692595,Long Beach,CA,90813,324199
100692,CalEnergy Operating Corporation - J J Elmore - Geothermal,2018,5641.39,0,5641.39,Calipatria,CA,92233,221119
100703,CalEnergy Operating Corporation - J M Leathers - Geothermal,2018,22192.8,0,22192.8,Calipatria,CA,92233,221119
100712,CalEnergy Operating Corporation - Region 1 - Geothermal,2018,68675.41258,0,68675.41258,Calipatria,CA,92233,221119
100716,CalEnergy Operating Corporation - Region 2 - Geothermal,2018,36409.07,0,36409.07,Calipatria,CA,92233,221119
104411,"California Dairies, Inc. Artesia",2018,10048.70263,0,10048.70263,Artesia ,CA,90701,311514
100959,"California Dairies, Inc. Fresno",2018,28276.1639,28276.1639,0,Fresno,CA,93706,311514
104410,"California Dairies, Inc. Los Banos",2018,1822.504417,0,1822.504417,Los Banos,CA,93635-2198,311514
101509,"California Dairies, Inc. Tipton",2018,39636.54221,39636.54221,0,Tipton,CA,93272,311514
101190,"California Dairies, Inc. Turlock",2018,34019.19843,34019.19843,0,Turlock,CA,95380,311514
101197,"California Dairies, Inc. Visalia",2018,61479.87518,61479.87518,0,Visalia,CA,93291,311514
104711,"California Dairies, Inc., Turlock North",2018,19051.00449,0,19051.00449,Turlock,CA,95380,311514
3072,"California Department of Water Resources (DWR), State Water Project",2018,0,0,0,Sacramento,CA,95825,924110
100327,California Institute of Technology (CalTech),2018,59808.00969,59808.00969,0,Pasadena,CA,91125,611310
104662,California Medical Facility,2018,12158.7952,0,12158.7952,Vacaville,CA,95687,622210
104353,California Natural Products,2018,21992.49454,0,21992.49454,Lathrop,CA,95330,311511
104135,California Paperboard Corporation,2018,2126.345602,2126.345602,0,Santa Clara,CA,95050,322130
104362,California Polytechnic State University,2018,10677.42781,0,10677.42781,San Luis Obispo,CA,93407,611310
101060,"California Power Holdings, LLC-Chowchilla Facility, 95360",2018,10251.86517,10251.86517,0,Chowchilla,CA,95360,221112
100368,"California Power Holdings, LLC-Red Bluff Facility, 96080",2018,7787.328861,0,7787.328861,Red Bluff,CA,96080,221112
104014,"California Resources Elk Hills, LLC - 35R Gas Plant",2018,3295486.884,2072405.915,1223080.968,Tupman,CA,93276,211111
104072,California Resources Production Corporation - 760 Los Angeles Basin,2018,276431.465,265532.994,10898.47097,Long Beach,CA,90802,211111
104029,California Resources Production Corporation - Sacramento Valley Basin 730,2018,104660.378,59083.7322,45576.64584,Rio Vista,CA,94571,211111
104030,California Resources Production Corporation - San Joaquin Valley Basin 745,2018,1291044.71,1234958.908,56085.80169,Bakersfield,CA,93308,211111
104033,California Resources Production Corporation - Ventura Basin 755 incl. SCVGP Gas Plant,2018,89796.46212,40057.44564,49739.01648,Piru,CA,93040,211111
104657,California State Prison - Corcoran,2018,10021.24079,0,10021.24079,Corcoran,CA,93212,922140
104736,California State Prison - Sacramento,2018,14776.04619,0,14776.04619,Represa,CA,95671,922140
100235,"California State University, Channel Islands",2018,26185.04176,26185.04176,0,Camarillo,CA,93012,611310
104350,"California State University, Fullerton",2018,19581.14686,0,19581.14686,Fullerton,CA,92831,611310
101399,"California State University, San Diego",2018,42317.19802,42317.19802,0,San Diego,CA,92182,611310
100131,"California State University, San Jose",2018,27618.62104,0,27618.62104,San Jose,CA,95192,611310
100954,California Steel Industries,2018,176672.7277,176672.7277,0,Fontana,CA,92335,331221
101405,CalPeak Power - Border,2018,6675.507644,0,6675.507644,San Diego,CA,92154,221112
101662,CalPeak Power - Enterprise,2018,7041.190208,0,7041.190208,Escondido,CA,92029,221112
100376,"CalPeak Power - Panoche, LLC",2018,8278.377524,0,8278.377524,Firebaugh,CA,93622,221112
100377,"CalPeak Power - Vaca Dixon, LLC",2018,6511.303644,0,6511.303644,Vacaville,CA,95688,221112
101496,"Calpine - CCFC Sutter Energy, LLC",2018,236090.8345,236090.8345,0,Sutter,CA,95993,221112
104332,Calpine - CPN Pipeline,2018,304747.2787,0,304747.2787,Rio Vista,CA,94571,486210
101526,"Calpine - Delta Energy Center, LLC",2018,1200263.721,1200263.721,0,Pittsburg,CA,94565,221112
101527,"Calpine - Geysers Power Company, LLC - Geothermal",2018,207652.359,0,207652.359,Middletown,CA,95461,221116
100178,"Calpine - Gilroy Cogen, L.P., Gilroy Cogen_Peaker",2018,88402.11532,88402.11532,0,Gilroy,CA,95020,221112
100337,"Calpine - Gilroy Energy Center, LLC, Feather River",2018,21341.9495,0,21341.9495,Yuba City,CA,95991,221112
101528,"Calpine - Gilroy Energy Center, LLC, Riverview Peaker",2018,10842.82189,0,10842.82189,Antioch,CA,94509,221112
101276,"Calpine - Gilroy Energy Center, LLC, Wolfskill Peaker",2018,5765.275046,0,5765.275046,Fairfield,CA,94534,221112
101300,"Calpine - King City Cogen, LLC, King City Cogen_Peaker",2018,179434.532,179434.532,0,King City,CA,93930,221112
101143,"Calpine - Los Esteros Critical Energy Facility, LLC",2018,160205.7185,160205.7185,0,San Jose,CA,95143,221112
100338,"Calpine - Los Medanos Energy Center, LLC",2018,1291705.625,1291705.625,0,Pittsburg,CA,94565,221112
100343,"Calpine - Metcalf Energy Center, LLC",2018,811260.9272,811260.9272,0,San Jose,CA,95013,221112
101426,Calpine - O.L.S. Energy - Agnews Inc. 95134,2018,8306.723296,0,8306.723296,San Jose,CA,95134,221112
101746,Calpine - Otay Mesa Energy Center,2018,197227.9708,197227.9708,0,San Diego,CA,92154,221112
100345,Calpine - Pastoria Energy Facility L.L.C.,2018,1631861.943,1631861.943,0,Lebec,CA,93243,221112
104456,Calpine - Russell City Energy Center,2018,389863.5366,389863.5366,0,Hayward,CA,94545,221112
101211,"Calpine - Yuba City Energy Center (Gilroy Energy Center, LLC)",2018,19978.23793,0,19978.23793,Yuba City,CA,95993,221112
3010,Calpine Corporation,2018,293236.9372,293236.9372,0,Houston,TX,90120,221122
3018,"Calpine Energy Solutions, LLC",2018,0,0,0,San Diego,CA,92101,454390
101029,"CalPortland Company, Mojave Plant",2018,1109761.788,1109761.788,0,Mojave,CA,93501,327310
100013,"CalPortland Company, Oro Grande Plant",2018,1065644.674,1065644.674,0,Oro Grande,CA,92368,327310
100936,"Campbell Soup Supply Company, L.L.C. - Dixon",2018,30759.79435,30759.79435,0,Dixon,CA,95620,311421
104199,"Campbell Soup Supply Company, L.L.C. - Stockton",2018,24196.2081,0,24196.2081,Stockton,CA,95206,311421
104008,Canyon Power Project (CPP),2018,105031.898,105031.898,0,Anaheim,CA,92805,221112
2214,"Cargill Power Markets, LLC",2018,0,0,0,Hopkins,MN,55343,221122
104748,Carlsbad Energy Center Project,2018,72141.59752,72141.59752,0,Carlsbad,CA,92008,221112
101734,Carlton Forge Works,2018,35642.02854,35642.02854,0,Paramount,CA,90723,332112
100129,Carson Cogeneration Co,2018,0,0,0,Carson,CA,90746,221112
104660,Cedars-Sinai Medical Center,2018,17242.29672,0,17242.29672,Los Angeles,CA,90048,622110
101476,Cemex Construction Materials Pacific LLC - Victorville Plant,2018,2097699.532,1950799.36,146900.1715,Apple Valley,CA,92307,327310
104755,Centennial Energy LLC,2018,16854.63397,0,16854.63397,Denver,CO,80209,424720
101015,Central Contra Costa Sanitary District,2018,72859.17027,0,72859.17027,Martinez,CA,94553,221320
104743,Central Valley Meat,2018,11796.25506,0,11796.25506,Hanford,CA,93230,311611
100917,CertainTeed Corporation,2018,57782.99225,57030.32621,752.6660441,Chowchilla,CA,93610,327993
101520,Chalk Cliff Limited,2018,7724.573874,7724.573874,0,Maricopa,CA,93252,221112
104628,Chapel Street Environmental II,2018,4410.596094,177.1937314,4233.402363,Tempe,AZ,85284,221122
104707,"Chemtrade West US, LLC",2018,10407.05067,0,10407.05067,Richmond,CA,94801,325180
104013,Chevron 17Z Gas Plant,2018,43237.27554,21644.7884,21592.48714,San Ramon,CA,94583,211111
104011,Chevron AAPG 740 Coastal Basin,2018,221919.3411,220489.4972,1429.843872,San Ramon,CA,94583,211111
104012,Chevron AAPG 745 San Joaquin Basin,2018,2503227.277,2480218.894,23008.3825,San Ramon,CA,94583,211111
100138,"Chevron Products Company - El Segundo Refinery, 90245",2018,3398468.235,3397270.331,1197.903155,El Segundo,CA,90245,324110
104223,Chevron Products Company - Headquarters Fuel Supplier,2018,33542308.75,31084441.27,2457867.481,San Ramon,CA,94583,324110
101384,"Chevron Products Company - Richmond Refinery, 94802",2018,4549706.373,4546565.619,3140.754106,Richmond,CA,94802,324110
104195,Chevron SJVBU Natural Gas Sales,2018,112529.6108,0,112529.6108,Bakersfield,CA,93311,211111
104393,Children's Hospital Los Angeles,2018,14552.74044,0,14552.74044,Los Angeles,CA,90027,622110
101252,Chula Vista Energy Center,2018,3233.685788,0,3233.685788,Chula Vista ,CA,91911,221112
2428,Citigroup Energy Inc.,2018,4912.17312,4912.17312,0,Houston,TX,77056,523130
101221,"City of Anaheim, Combustion Turbine Generator",2018,19853.65406,19853.65406,0,Anaheim,CA,92806,221112
3023,"City of Anaheim, Public Utilities Department, Anaheim City Hall West",2018,1139378.146,1116992.89,22385.256,Anaheim,CA,92805,221121
3025,City of Banning Electric Department,2018,0,0,0,Banning,CA,92220,221122
3029,City of Cerritos,2018,0,0,0,Cerritos,CA,90703,221122
3031,City of Colton - EPE,2018,3.05592,3.05592,0,Colton,CA,92324,221122
101667,City of Colton - Generation,2018,4667.107012,0,4667.107012,Colton,CA,92324,221112
3032,City of Corona Dept. of Water & Power - EPE,2018,0,0,0,Corona,CA,92880-,221122
104642,City of Hope National Medical Center,2018,14105.42309,0,14105.42309,Duarte,CA,91010-3000,622110
3030,City of Industry,2018,0,0,0,City of Industry,CA,91744-3900,221122
104641,City of Lancaster,2018,0,0,0,Lancaster,CA,93534,221122
3041,City of Lompoc,2018,0,0,0,Lompoc,CA,93438,221122
3047,City of Needles,2018,18022.94304,18022.94304,0,Needles,CA,92363,221122
3048,City of Palo Alto - Electric Power Entity,2018,0,0,0,Palo Alto,CA,94301,221122
5011,City of Palo Alto - Gas Utility,2018,153504.1791,153504.1791,0,Palo Alto,CA,94301,221210
104399,City of Palo Alto Water Quality Control Treatment Plant,2018,30216.56299,0,30216.56299,Palo Alto,CA,94303,221320
3056,City of Riverside Public Utilities,2018,632423.6606,632423.6606,0,Riverside,CA,92501,221122
104547,"City of San Diego, Public Utilities Dept, North City Water Reclamation Plant",2018,2203.235216,0,2203.235216,San Diego,CA,92121,221320
101564,"City of San Diego, Public Utilities Dept, Point Loma Treatment Plant",2018,19585.70643,0,19585.70643,San Diego,CA,92106,221320
104330,"City of San Diego, Public Utilities Dept, Pump Station 2",2018,12057.3279,0,12057.3279,San Diego,CA,92101,924110
3059,City of Shasta Lake - Electric,2018,0,0,0,Shasta Lake,CA,96019,921120
5036,City of Susanville Gas Utility,2018,11118.2125,0,11118.2125,Susanville,CA,96130,221210
3065,"City of Ukiah, Electric Utilities Division",2018,0,0,0,Ukiah,CA,95482,221122
100328,"Civic Center Cogen, LA County",2018,79267.0363,79267.0363,0,Los Angeles,CA,90012,221330
104536,Clean Energy,2018,129937.6073,11174.84948,118762.7578,Newport Beach,CA,92660,221210
104749,Clean Power Alliance,2018,0,0,0,Los Angeles,CA,90013,221122
104705,CleanPowerSF,2018,0,0,0,San Francisco,CA,94102,221118
104485,CMO Inc,2018,9522.069927,9519.714827,2.3551,McKittrick ,CA,93251,211111
101516,Coalinga Cogeneration Facility,2018,0,0,0,Coalinga,CA,93210,221112
101250,Collins Pine Co.,2018,76000.63281,0,76000.63281,Chester,CA,96020,321113
104570,Comision Federal de Electricidad (CFE),2018,11818.98888,11818.98888,0,Mexicali,BC,21350,221121
104646,Commercial Energy of California,2018,0,0,0,Oakland,CA,94621,221122
101503,ConAgra - Oakdale,2018,60184.45671,60184.45671,0,Oakdale,CA,95351,311421
3012,"Constellation NewEnergy, Inc.",2018,219225.5367,34107.07052,185118.4662,Baltimore,MD,21231,221122
100150,"Corona Energy Partners, Ltd.",2018,0,0,0,Corona,CA,92880,221112
100690,Coso Energy Developers (BLM E&W) - Geothermal,2018,93755.63,0,93755.63,Little Lake,CA,93542,221119
101670,Coso Finance Partners (Navy I) - Geothermal,2018,86990.8,0,86990.8,Little Lake,CA,93542,221119
101669,Coso Power Developers (Navy II) - Geothermal,2018,174837.2,0,174837.2,Little Lake,CA,93542,221119
101264,"Covanta - Stanislaus, Inc",2018,262214.2224,99302.66918,162911.5532,Crow's Landing,CA,95313,562213
101519,CP Kelco San Diego,2018,96830.62598,96830.62598,0,San Diego,CA,92113,325194
104488,Crimson Resource Management Corp,2018,58380.60536,48687.08917,9693.516186,Bakersfield,CA,93309,211111
101263,"Crockett Cogeneration Project, LP",2018,668770.9925,668770.9925,0,Crockett,CA,94525,221112
104349,"Custom Alloy Light Metals, Inc.",2018,11161.38126,0,11161.38126,Industry,CA,91746,331314
104674,CWP Energy,2018,10092.39408,10092.39408,0,Montreal,QC,H2Y2G3,221122
104338,Darling Ingredients Inc - Fresno,2018,12141.62641,0,12141.62641,Fresno,CA,93706,311613
104337,Darling Ingredients Inc - Los Angeles,2018,17641.91296,0,17641.91296,Los Angeles,CA,90058,311613
104339,Darling Ingredients Inc - Turlock,2018,16353.87144,0,16353.87144,Crow's Landing,CA,95313,311613
101260,Dart Container Corporation of California,2018,14400.34207,0,14400.34207,Corona,CA,92880,326140
101214,Del Monte - Hanford,2018,25280.12139,25280.12139,0,Hanford,CA,93230,311421
104138,Del Monte - Modesto,2018,13757.56797,0,13757.56797,Modesto,CA,95357,311421
104489,"Delano Energy Center, LLC",2018,3949.753632,0,3949.753632,Delano,CA,93215,221112
104655,Delano Growers Grape Products,2018,17743.42604,0,17743.42604,Delano,CA,93215,311411
101709,DeMenno/Kerdoon,2018,26217.42471,26217.42471,0,Compton,CA,90222,324199
100026,DG Fairhaven Power LLC,2018,69257.13363,0,69257.13363,Samoa,CA,95564,221117
104433,"Diamond Pet Food Processors of California, LLC - Lathrop",2018,11419.23688,0,11419.23688,Lathrop,CA,95330,311111
104690,"Diamond Pet Food Processors of California, LLC - Ripon",2018,11408.08645,0,11408.08645,Ripon,CA,95366,311111
101243,Dicalite Minerals Corp.,2018,27161.01506,26970.51389,190.5011656,Burney,CA,96013,212399
2264,"Direct Energy Business, LLC (fka Strategic Energy)",2018,354168.6709,28756.6351,325412.0358,Houston,TX,77046,221122
101218,Disneyland Resort,2018,18963.41709,0,18963.41709,Anaheim,CA,92802,713110
100157,Double C Limited,2018,14434.74016,14434.74016,0,Bakersfield,CA,93308,221112
101733,Dow Chemical Company - Pittsburg,2018,49452.93904,49452.58513,0.353910973,Pittsburg,CA,94565,325199
104663,DSH-Napa State Hospital,2018,16910.38443,0,16910.38443,Napa,CA,94558-6293,622110
104742,"DTE Energy Trading, Inc.",2018,188927.4518,27774.75184,161152.7,Ann Arbor,MI,48104,424990
104455,"DTE Stockton, LLC",2018,555368.4766,0,555368.4766,Stockton,CA,95203,221117
100221,"Dynegy Moss Landing, LLC",2018,1557959.043,1557959.043,0,Moss Landing,CA,95039,221112
101351,"Dynegy Oakland, LLC.",2018,4659.101837,0,4659.101837,Oakland,CA,94607,221112
100958,E & J Gallo Winery - Fresno,2018,26886.57782,24353.50333,2533.07449,Fresno,CA,93727,312130
104640,E & J Gallo Winery - Livingston,2018,17910.88572,0,17910.88572,Livingston,CA,95334,312130
104215,E&B Natural Resources - San Joaquin Valley,2018,520529.7196,519432.858,1096.861603,Bakersfield,CA,93308,211111
101355,E.F. Oxnard LLC,2018,76980.6904,76980.6904,0,Oxnard,CA,93030,221112
104581,Eagle Petroleum - Lynch Canyon Field,2018,31322.91776,31220.24086,102.6768945,San Ardo,CA,93450,211111
104758,East Bay Community Energy,2018,0,0,0,Oakland,CA,94607,221122
101511,East Bay Municipal Utility District,2018,35497.78514,0,35497.78514,Oakland,CA,94607,221320
3033,Eastside Power Authority,2018,0,0,0,Delano,CA,90120,221310
100259,Eco Services - Dominguez,2018,32487.55777,32487.55777,0,Carson,CA,90810,325188
100258,Eco Services - Martinez,2018,14058.51297,0,14058.51297,Martinez,CA,94553,325188
104546,"Ed Staub & Sons Petroleum, Inc.",2018,23449.47929,0,23449.47929,Klamath Falls,OR,97601,424720
104452,"EDF Industrial Power Services (CA), LLC",2018,0,0,0,Houston,TX,77041,221118
104067,"EDF Trading North America, LLC",2018,144762.9894,59162.98939,85600,Houston,TX,77002,523130
104204,Edwards Air Force Base,2018,20553.47232,0,20553.47232,Edwards AFB,CA,93524,928110
104374,Eisenhower Medical Center,2018,19437.56693,0,19437.56693,Rancho Mirage,CA,92270,622110
104079,"El Cajon Energy, LLC",2018,10133.8544,0,10133.8544,El Cajon,CA,92020,221112
104735,Elbow River Marketing Ltd.,2018,29237.82497,29237.82497,0,Calgary,AB,T2P 1C9,424720
104341,Elk Grove Asphalt Terminal,2018,7244.343922,0,7244.343922,Elk Grove,CA,95624,424710
104622,Emidio Pump Station - Shell Pipeline Company,2018,7253.6156,0,7253.6156,Mettler,CA,93301,486110
100167,Encina Water Pollution Control Facility,2018,15130.21576,0,15130.21576,Carlsbad,CA,92011,221320
101738,"Energy 2001, Placer WRSL",2018,12351.69456,0,12351.69456,Lincoln,CA,95648,221119
101607,Energy Center San Francisco LLC,2018,60193.55654,0,60193.55654,San Francisco,CA,94103,221330
104787,Equinix - Great Oaks,2018,13733.2404,0,13733.2404,San Jose,CA,95119,541513
104788,Equinix - Lundy,2018,10722.55272,0,10722.55272,San Jose,CA,95131,541513
104458,"ERG Operating Company, LLC. 750 Santa Maria Basin",2018,38292.46669,37957.80136,334.6653277,Santa Maria,CA,93454,211111
104200,"Escalon Premier Brands, a Division of Kraft Heinz Company",2018,24589.2129,0,24589.2129,Escalon,CA,95320,311421
104078,"Escondido Energy Center, LLC",2018,14318.28804,14318.28804,0,Escondido,CA,92029,221112
100393,Etiwanda Generating Station,2018,1.911878997,0,1.911878997,Rancho Cucamonga,CA,91739,221112
2078,"Exelon Generation Company, LLC",2018,372785.5278,213600.3992,159185.1287,Baltimore,MD,21231,221122
104460,ExxonMobil LFC Facility,2018,1.441808145,0,1.441808145,Goleta,CA,93117,211111
104459,ExxonMobil POPCO Facility,2018,0,0,0,Goleta,CA,93117,211111
104519,"Ferrellgas, LP",2018,24996.48943,24996.48943,0,Liberty,MO,64068,454312
104041,Flint Hills Resources LP,2018,1348561.733,1291887.204,56674.5282,Wichita,KS,67220,424720
104102,Flyers Energy,2018,2024162.331,1934874.533,89287.7986,AUBURN,CA,95602-9562,424720
104541,Foster Dairy Farms DBA Crystal Creamery,2018,14083.34813,0,14083.34813,Modesto,CA,95351,311511
104548,Foster Farms Porterville Plant ,2018,9294.398523,0,9294.398523,Porterville,CA,93257,311615
104549,Foster Farms Traver Complex ,2018,9315.218669,0,9315.218669,Traver,CA,93631,311119
101575,"Foster Poultry Farms - Livingston Complex, 95334",2018,46245.57685,46245.57685,0,Livingston,CA,95334,311615
101544,"Fresno Cogeneration Partners, LP",2018,3991.737256,0,3991.737256,San Joaquin,CA,93660,221112
101613,Fresno-Clovis Regional Wastewater Reclamation Facility,2018,4264.435655,0,4264.435655,Fresno,CA,93706,221320
101235,Frito Lay - Kern Plant,2018,52953.94005,52953.94005,0,Bakersfield,CA,93314,311919
104207,Frito Lay - Modesto,2018,26052.7529,26052.7529,0,Modesto,CA,95357,311919
104734,Frito Lay - Rancho Cucamonga,2018,10610.15424,0,10610.15424,Rancho Cucamonga,CA,91730,311919
101683,"G2 Energy Ostrom Road, LLC",2018,24595.33629,0,24595.33629,Wheatland,CA,95692,562212
103018,Gallo Glass Company,2018,141030.6871,141030.6871,0,Modesto,CA,95354,327213
104763,Garberville Gas Corporation,2018,19364.60202,0,19364.60202,Anderson,CA,96007,454310
104559,Genentech - Vacaville,2018,11367.22101,0,11367.22101,Vacaville,CA,95688,325412
101451,Genentech Inc South San Francisco,2018,30859.11244,30859.11244,0,South San Francisco,CA,94080,325414
100248,"GenOn Delta, Pittsburg Generating Station 94565",2018,16.74884697,0,16.74884697,Pittsburg,CA,94565,221112
104474,GenPower Lincon Landfill Power Plant,2018,12340.9467,0,12340.9467,Lincoln ,CA,95648,221119
101700,Georgia-Pacific Gypsum LLC - Antioch,2018,45319.66682,45319.66682,0,Antioch,CA,94509,327420
104507,"Gexa Energy California, LLC",2018,0,0,0,Houston,TX,77070,221122
104484,Glencore Ltd.,2018,0,0,0,San Francisco,CA,94111,424720
3034,Glendale Water & Power,2018,298799.0514,146484.848,152314.2033,Glendale,CA,91206,221122
100180,"Goal Line LP, 92025",2018,14696.10383,0,14696.10383,Escondido,CA,92025,221112
104730,Goodrich Corporation,2018,8785.3868,0,8785.3868,Santa Fe Springs ,CA,90670,336413
101231,"Grade 6 Oil, LLC",2018,227442.5586,227121.7448,320.8138332,Bakersfield,CA,93308,211111
100147,"Graphic Packaging International, Inc.",2018,0,0,0,Santa Clara,CA,95050,322130
100181,Grayson Power Plant,2018,115579.3089,88812.10892,26767.2,Glendale,CA,91201,221112
101155,Greka Santa Maria Refinery ,2018,15217.68725,0,15217.68725,Santa Maria,CA,93458,324110
3035,Gridley Electric Utility,2018,0,0,0,Gridley,CA,95948,221122
101721,"Guardian Industries, LLC",2018,120360.2423,120359.5869,0.655413888,Kingsburg,CA,93631,327211
104473,Guzman Energy,2018,65746.37256,65746.37256,0,Coral Gables,FL,33134,221122
104716,Guzman Renewables Energy Partners,2018,2274.04104,2274.04104,0,Coral Gables,FL,33134,221122
101542,Hanford Energy Park Peaker,2018,9840.282824,9840.282824,0,Hanford,CA,93230,221112
100186,"Harbor Cogeneration Company, LLC",2018,12.81404122,0,12.81404122,Wilmington,CA,90744,221112
104672,Harris Ranch Beef Company,2018,10514.57157,0,10514.57157,Selma,CA,93662,311611
104747,"Hartland Fuel Products, LLC ",2018,17663.96136,0,17663.96136,Onalaska,WI,54650,424710
3036,Healdsburg Electric Dept.,2018,0,0,0,Healdsburg,CA,90120,221122
101364,Henrietta Peaker Plant,2018,18614.73693,18614.73693,0,Lemoore,CA,93245,221112
104360,"HGST, Inc",2018,18406.78662,0,18406.78662,San Jose,CA,95119,334112
101478,"High Desert Power Project, LLC",2018,1220042.93,1220042.93,0,Victorville,CA,92394,221112
104009,High Sierra Cogeneration,2018,18284.4132,0,18284.4132,Susanville,CA,96130,221112
100189,High Sierra Limited,2018,15343.39967,15343.39967,0,Bakersfield,CA,93308,221112
101288,Hilmar Cheese Company,2018,68111.88384,67754.10267,357.7811733,Hilmar,CA,95324,311513
100029,HL Power Company,2018,258410.092,0,258410.092,Wendel,CA,96136,221117
104368,Hoag Memorial Hospital Presbyterian,2018,23170.00209,0,23170.00209,NEWPORT BEACH ,CA,92663-4162,622110
104426,Holmes Western Oil Corporation,2018,31903.07733,30980.2,922.8773309,Taft,CA,93268,211111
104580,Hood Dairy,2018,20041.6855,0,20041.6855,Sacramento,CA,95826,311514
104364,"Houweling Nurseries Oxnard, Inc",2018,35471.21784,0,35471.21784,Camarillo,CA,93012,111419
104346,Hudson Ranch Power I - Geothermal,2018,24713.4,0,24713.4,Calipatria,CA,92233,221119
100040,Humboldt Sawmill Company,2018,299669.1127,0,299669.1127,Scotia,CA,95565,221117
104377,Huntington Memorial Hospital,2018,15458.41994,0,15458.41994,Pasadena,CA,91105,622110
104713,Hyperion Water Reclamation Plant,2018,95740.49715,27607.83139,68132.66577,Playa del Rey,CA,90293,221320
104708,Idaho Power,2018,59842.90007,59842.90007,0,Boise,ID,83702,221111
104229,Idemitsu Apollo Corporation,2018,2596893.132,2397463.135,199429.9972,Sacramento,CA,95811,424720
101318,"Imerys Filtration Minerals, Inc.",2018,36169.67594,36113.25636,56.41958101,Lompoc,CA,93436,212399
3038,Imperial Irrigation District (IID),2018,1149274.505,659218.4609,490056.0445,Imperial,CA,92251,221122
100162,"Imperial Irrigation District (IID), El Centro Generating Station",2018,325628.2058,325628.2058,0,El Centro,CA,92245,221112
101307,"Imperial Irrigation District (IID), Niland Gas Turbine Plant",2018,35691.21211,35691.21211,0,Niland,CA,92257,221112
101008,Ingomar Packing Company,2018,81965.87751,81965.87751,0,Los Banos,CA,93635,311421
100323,Ingredion Incorporated Stockton Plant,2018,82286.97903,82286.97903,0,Stockton,CA,95206,311221
101686,"Inland Empire Energy Center, LLC.",2018,79382.50624,79382.50624,0,Menifee,CA,92585,221112
5045,"IPC (USA), Inc.",2018,373650.3437,356269.2649,17381.0788,Santa Ana,CA,92707,424720
104465,Ivanpah Solar Electric Generating System,2018,73052.75885,73052.75885,0,Nipton,CA,92364,221114
104335,J. Aron & Company LLC,2018,14088.26448,14088.26448,0,New York,NY,10282,523130
101705,J. G. Boswell Tomato Company Kern,2018,36843.65976,36843.65976,0,Buttonwillow,CA,93206,311421
104224,J.G. Boswell Company West Processing Townsite,2018,9863.043774,0,9863.043774,Corcoran,CA,93212,311223
101504,J.G.Boswell Tomato Company Kings,2018,33335.4785,33335.4785,0,Corcoran,CA,93212,311421
104320,Jaco Oil Company,2018,1739650.535,1629247.971,110402.5637,BAKERSFIELD,CA,93308,447190
104216,John Wayne Airport Orange County,2018,10909.69805,0,10909.69805,Santa Ana,CA,92707,488119
104122,Johns Manville,2018,15608.45257,15608.45257,0,Willows,CA,95988,327993
104538,JP Oil,2018,24433.8873,0,24433.8873,Shafter,CA,93263,211111
104004,JR Simplot Company,2018,7686.116268,0,7686.116268,Helm,CA,93627,325311
104562,JS West and Companies,2018,0,0,0,Modesto,CA,95354,454312
3011,Just Energy Solutions Inc.,2018,0,0,0,Houston,TX,77056,221122
104421,"K2 Pure Solutions, Inc",2018,11403.5541,0,11403.5541,Pittsburg,CA,94565,325180
104376,"Kaiser Aluminum Fabricated Products, LLC",2018,13846.81225,0,13846.81225,Los Angeles,CA,90040-3168,331314
104355,Kaweah Delta Medical Center,2018,18482.8,0,18482.8,Visalia,CA,93291,622110
100202,Kern Front Limited,2018,10388.50858,10388.50858,0,Bakersfield,CA,93308,221112
5044,Kern Front Natural Gas Pipeline (WCAC),2018,55059.12182,0,55059.12182,Bakersfield,CA,93308,486210
104498,Kern Oil - Fuel Supplier,2018,2537448.437,2342059.433,195389.0034,Bakersfield,CA,93307,324110
101507,Kern Oil Refinery,2018,128682.9947,126928.1312,1754.86353,Bakersfield,CA,93307,324110
101514,Kern River Cogeneration Facility,2018,476100.9745,476100.9745,0,Bakersfield,CA,93308,221112
5017,Kern River Gas Transmission Company,2018,0,0,0,Salt Lake City,UT,90120,486210
100199,KES Kingsburg L.P.--Kingsburg Cogeneration Facility,2018,2730.98959,2730.98959,0,Kingsburg,CA,93631,221112
101100,"Kiefer Landfill, Department of Waste Management and Recycling",2018,124297.0384,0,124297.0384,Sloughhouse,CA,95683,562212
100962,Kimberly Clark Worldwide Inc.,2018,64545.3544,64545.3544,0,Fullerton,CA,92831,322121
104047,"Kinergy Marketing, LLC",2018,151552.1871,0,151552.1871,Sacramento,CA,95814,424720
104774,King City Community Power,2018,0,0,0,San Diego,CA,92122,221122
104425,Kirby Hills Compressor Station,2018,8671.261576,0,8671.261576,Suisun City,CA,94585,486210
3001,Kirkwood Meadows PUD Powerhouse,2018,0,0,0,Kirkwood,CA,95646,221122
104800,Kiva Energy Inc.,2018,84808.32292,84808.32292,0,Manteca,CA,95336,424720
101447,Knauf Insulation,2018,20329.37702,0,20329.37702,Shasta Lake,CA,96019,327993
104354,Kraft Heinz Foods Company - Tulare,2018,20040.19949,0,20040.19949,Tulare,CA,93274,311513
100205,Kyocera International Inc.,2018,8057.752547,0,8057.752547,San Diego,CA,92123,334413
100339,La Paloma Generating Plant - GHG,2018,422208.8879,422208.8879,0,McKittrick,CA,93251,221112
104211,La Rosita Power - Marketing,2018,604590.541,604590.541,0,"Mexicali, Baja California",CA,21610,221122
104569,LAC+USC Medical Center,2018,22616.09147,0,22616.09147,Los Angeles,CA,90033,622110
101327,LACSD - Calabasas LF,2018,28805.84067,0,28805.84067,Agoura,CA,91301,562212
100064,LACSD - Commerce Refuse To Energy,2018,54320.76783,0,54320.76783,Commerce,CA,90040,562213
101487,LACSD - Joint Water Pollution Control Plant,2018,107100.5765,0,107100.5765,Carson,CA,90745,221320
100071,LACSD - Puente Hills Landfill,2018,134971.9645,0,134971.9645,City of Industry,CA,90607,562212
101373,LACSD - Spadra Landfill,2018,0,0,0,Walnut,CA,91789,562212
101465,"Land O' Lakes, Inc.",2018,59243.49068,59243.49068,0,Tulare,CA,93274,311514
104762,"Lansing Trade Group, LLC",2018,29816.62857,29816.62857,0,Overland Park,KS,66210,424590
3039,Lassen Municipal Utility District,2018,0,0,0,Susanville,CA,96130,221122
104656,Lathrop Irrigation District,2018,0,0,0,Lathrop,CA,95033,221122
101708,Lawrence Livermore National Laboratory (LLNL),2018,24203.85459,0,24203.85459,Livermore,CA,94550,541712
101265,Lehigh Southwest Cement Co - Cupertino,2018,875981.1738,875964.3666,16.80724837,Cupertino,CA,95014,327310
101381,Lehigh Southwest Cement Co - Redding,2018,318226.8436,307687.8436,10539,Redding,CA,96003,327310
101461,Lehigh Southwest Cement Co - Tehachapi,2018,629435.0494,624558.0494,4877,Tehachapi,CA,93561,327310
104106,Leprino Foods - Lemoore East,2018,23159.50098,0,23159.50098,Lemoore ,CA,93245,311513
101716,Leprino Foods - Lemoore West,2018,48864.79361,48817.11692,47.67668933,Lemoore,CA,93245,311513
104105,Leprino Foods - Tracy,2018,16454.12976,0,16454.12976,Tracy ,CA,95376,311513
104052,Lhoist North America - Natividad Plant,2018,84229.20978,84205.01067,24.19910965,Salinas,CA,93908,327410
101499,Liberty Packing - Los Banos (Morning Star),2018,87240.93711,87240.93711,0,Los Banos,CA,93635,311421
104451,"Liberty Power Holdings, LLC",2018,0,0,0,Fort Lauderdale,FL,33309,221121
104099,Liberty Utilities (CalPeco Electric) LLC,2018,66156.55866,63808.55066,2348.008,South Lake Tahoe,CA,96150,221122
101044,Live Oak Limited,2018,10978.41076,10978.41076,0,Bakersfield,CA,93308,221112
101574,Lockheed Martin Aeronautics Company - Palmdale,2018,15772.40888,0,15772.40888,Palmdale,CA,93599,336411
101623,Lockheed Martin Corporation - Sunnyvale,2018,22015.03048,0,22015.03048,Sunnyvale,CA,94089,336414
104424,Lodi Compressor Station,2018,13648.28102,0,13648.28102,Acampo,CA,95220,486210
3040,Lodi Electric Utility,2018,0,0,0,Lodi,CA,90120,221122
104172,Lodi Energy Center,2018,547701.0264,547701.0264,0,LODI,CA,95242,221112
100207,Loma Linda University,2018,57106.28004,57106.28004,0,Loma Linda,CA,92354,611310
5003,Long Beach Gas & Oil Dept (LBGO),2018,487648.4893,399990.9724,87657.51689,Long Beach,CA,90806,221210
3042,Los Angeles Department of Water & Power (LADWP),2018,6632629.963,6629659.299,2970.664795,Los Angeles,CA,90012,221121
100185,Los Angeles Department of Water & Power-Harbor Generating Station (LADWP),2018,29167.30051,28540.62458,626.6759333,Wilmington,CA,90744,221112
100187,Los Angeles Department of Water & Power-Haynes Generating Station (LADWP),2018,1229228.483,1219227.678,10000.80536,Long Beach,CA,90803,221112
101004,Los Angeles Department of Water & Power-Scattergood Generating Station (LADWP),2018,716330.6341,716330.6341,0,Playa del Rey,CA,90293,221112
101325,Los Angeles Department of Water & Power-Valley Generating Station (LADWP),2018,591000.7383,590289.3482,711.3901077,Sun Valley,CA,91352,221112
101323,Los Angeles International Airport (LAX),2018,23963.0376,0,23963.0376,Los Angeles,CA,90045,488119
101246,Los Angeles Refinery (LAR),2018,6367797.261,6364715.665,3081.596546,Carson,CA,90810,324110
100972,Los Gatos Tomato Products,2018,59455.51608,59455.51608,0,Huron,CA,93234,311421
101162,"Lunday-Thagard Company, DBA World Oil Refining",2018,37660.81585,37022.90965,637.9062,South Gate,CA,90280,324110
100682,Luz Solar Partners LTD,2018,17009.98131,17009.98131,0,Boron,CA,93516,221119
101291,Luz Solar Partners LTD VIII & IX,2018,22103.54204,22103.54204,0,Hinkley,CA,92347,221119
101234,Macpherson Oil Company,2018,177025.0375,176513.7193,511.3182454,Bakersfield,CA,93308,211111
2112,Macquarie Energy LLC,2018,208032.1906,208032.1906,0,Houston,TX,77002,221122
104573,"MAG Energy Solutions, Inc. - EPE",2018,26689.96872,26689.96872,0,Montreal,QC,H3A 3L4,221122
101192,MAGTFTC MCAGCC Twentynine Palms,2018,56845.29145,0,56845.29145,Twentynine Palms,CA,92278,928110
101687,"Malaga Power, LLC",2018,15699.92742,15699.92742,0,Fresno,CA,93725,221112
100314,Malburg Generating Station,2018,214482.1425,214482.1425,0,Vernon,CA,90058,221112
100210,Mandalay Generating Station,2018,0,0,0,Oxnard,CA,93035,221112
104676,"Mansfield Oil Company of Gainesville, Inc",2018,20659.7096,0,20659.7096,Gainesville,GA,30501,424720
104463,Marin Clean Energy,2018,0,0,0,San Rafael ,CA,94901,221122
104169,Mariposa Energy LLC,2018,65308.13128,65308.13128,0,Byron,CA,94514,221112
101332,Martinez Cogen Limited Partnership,2018,374608.2744,374594.5312,13.74320996,Martinez,CA,94553,221112
104384,"Maruchan, Inc. - Laguna Canyon",2018,20819.65387,0,20819.65387,Irvine,CA,92618,311824
104633,Matchmaster Dyeing & Finishing,2018,24529.48036,24529.48036,0,Los Angeles,CA,90007,313310
104613,"Matsui Nursery, Inc.",2018,12663.996,0,12663.996,Salinas,CA,93908,111422
100296,McKittrick Limited,2018,10904.75691,10904.75691,0,McKittrick,CA,93251,221112
3044,Merced Irrigation District (MeID),2018,0,0,0,Merced,CA,95340,221122
101665,"Merced Power, LLC, 95340",2018,92507.78315,0,92507.78315,Merced,CA,95340,221119
100878,Metropolitan State Hospital,2018,4289.67618,0,4289.67618,Norwalk,CA,90650,622210
2046,Metropolitan Water District of Southern California (MWD),2018,280669.2262,280669.2262,0,Los Angeles,CA,90012,221310
101703,"Midstream Energy Partners, USA, LLC",2018,843504.19,73631.1933,769872.9967,Tupman,CA,93276,211112
101744,"Midway Peaking, LLC",2018,30228.82806,30228.82806,0,Firebaugh,CA,93622,221112
100215,Midway-Sunset Cogeneration,2018,542718.632,542718.632,0,Fellows,CA,93224,221112
104737,Milk Specialties Global,2018,12961.30753,0,12961.30753,Visalia,CA,93291,311514
101297,MillerCoors USA LLC.,2018,24341.92929,0,24341.92929,Irwindale,CA,91706,312120
104397,Mira Loma Metal Container Corp,2018,10881.56445,0,10881.56445,Mira Loma,CA,91752,332431
100036,Miramar - MM and Miramar Energy,2018,47032.09944,0,47032.09944,San Diego,CA,92111,221119
104629,Mission Bell Winery ,2018,13330.991,0,13330.991,Madera,CA,93637,312130
104658,Mission Foods Corporation,2018,12861.83468,0,12861.83468,Rancho Cucamonga,CA,91730,311830
101010,Mitsubishi Cement 2000,2018,1178861.927,1126212.027,52649.9,Lucerne Valley,CA,92356,327310
101217,"Mizkan America, Inc.",2018,20152.89788,20152.89788,0,Stockton,CA,95205,311421
100088,MM Lopez Energy LLC,2018,10722.57816,0,10722.57816,Lake View Terrace,CA,91342,221119
101711,MM Prima Deshecha Energy LLC,2018,27336.61422,0,27336.61422,San Juan Capistrano,CA,92675,221119
100097,MM San Diego LLC - North City,2018,15985.6361,0,15985.6361,San Diego,CA,92121,221119
100051,MM Tajiguas Energy LLC,2018,15313.47793,0,15313.47793,Goleta,CA,93117,221119
101484,MM West Covina LLC,2018,39687.13402,0,39687.13402,West Covina,CA,91792,221119
101209,MM Yolo Power LLC,2018,10176.14572,0,10176.14572,Woodland,CA,95776,221119
3045,Modesto Irrigation District (MID),2018,532170.3069,423168.5509,109001.756,Modesto,CA,95354,221122
101028,"Modesto Irrigation District (MID) - Woodland Generation Station, 95351",2018,223956.0749,223956.0749,0,Modesto,CA,95351,221112
101359,"Modesto Irrigation District - Ripon Generation Station, 95366",2018,15705.43377,15705.43377,0,Modesto,CA,95352,221112
5019,Mojave Pipeline Operating Company (MPOC),2018,0,0,0,Bakersfield,CA,93307,486210
104726,Monterey Bay Community Power,2018,0,0,0,Monterey,CA,93940,221122
101329,Monterey Regional Waste Management District,2018,13084.06255,0,13084.06255,Monterey County,CA,93933,562212
3046,Moreno Valley Utility (MVU),2018,0,0,0,Moreno Valley,CA,92552,221122
2369,Morgan Stanley Capital Group Inc. - EPE,2018,473976.1288,440373.9103,33602.21849,New York,NY,10036,523110
101498,Morning Star Packing Company - Los Banos,2018,59124.76607,59124.76607,0,Los Banos,CA,93635,311421
101536,Morning Star Packing Company - Williams,2018,103496.0362,103496.0362,0,Williams,CA,95987,311421
104418,"Morton Salt, Inc.",2018,0,0,0,Newark,CA,94560,311942
104322,MP Mine Operations LLC,2018,138.2990019,0,138.2990019,Mountain Pass ,CA,92366,212299
101228,Mt. Poso Cogeneration Company,2018,290057.8219,0,290057.8219,Bakersfield,CA,93308,221117
104438,Musket Corporation,2018,326962.6126,54225.78638,272736.8262,Houston,TX,77019,424720
104097,Naftex Operating Company,2018,33044.55586,32929.85085,114.7050122,Bakersfield,CA,93307,211111
104405,NASA Ames Research Center,2018,16216.4415,0,16216.4415,Moffett Field,CA,94035,927110
101314,National Cement Company - Lebec,2018,830444.3223,806929.3223,23515,Lebec,CA,93243,327310
104408,Naval Air Station Lemoore,2018,9642.360582,0,9642.360582,Lemoore,CA,93246,928110
104789,Naval Air Station North Island,2018,14343.24562,0,14343.24562,San Diego,CA,92135-7088,928110
104214,Naval Air Weapons Station China Lake,2018,11790.98589,0,11790.98589,China Lake,CA,93555-6108,928110
104035,Naval Medical Center - San Diego,2018,20287.57921,0,20287.57921,San Diego,CA,92134,928110
104732,NCPA - CT1 Alameda,2018,8217.679094,0,8217.679094,Alameda,CA,94501,221112
104551,"Nebraska Corn Processing, LLC",2018,14054.06751,0,14054.06751,Cambridge,NE,69022,325193
104717,"Neste US, Inc.",2018,1590926.018,0,1590926.018,Houston,TX,77056,424720
2388,Nevada Power Company (dba NV Energy),2018,19439.52759,19439.52759,0,Las Vegas,NV,89146,221121
101697,"New NGC, Inc - Long Beach",2018,34854.9867,34854.9867,0,Long Beach,CA,90813,327420
104415,"New NGC, Inc - Richmond",2018,29711.02179,29711.02179,0,Richmond,CA,94804,327420
100195,"New-Indy Ontario, LLC Linerboard Mill",2018,228781.2491,228781.2491,0,Ontario,CA,91761,322130
101356,New-Indy Oxnard LLC,2018,117992.9992,117992.9992,0,Oxnard,CA,90333,322130
104136,Newark Pacific Paperboard,2018,24940.73529,24940.73529,0,Los Angeles,CA,90040,322130
104611,"Newport Fab, LLC (DBA TowerJazz Semiconductor)",2018,11501.78507,0,11501.78507,Newport Beach,CA,92660,334413
104225,"Nextera Energy Marketing, LLC",2018,125507.071,8053.17096,117453.9,Juno Beach,FL,33408,221122
104420,"Nong Shim America, Inc.",2018,11715.17697,0,11715.17697,Rancho Cucamonga,CA,91730,493190
104457,"Nor-Cal Beverage Company, Inc. - Anaheim",2018,13523.38246,0,13523.38246,Anaheim,CA,92801,312111
104323,North Baja Pipeline,2018,0,0,0,Ehrenberg,AZ,85334,486210
2215,Northern California Power Agency (NCPA),2018,41303.46639,41303.46639,0,Roseville,CA,95678,221122
101529,Northern California Power Agency - Geothermal Plant No. 1,2018,20515.2,0,20515.2,Middletown,CA,95461,221116
101530,Northern California Power Agency - Geothermal Plant No. 2,2018,23801,0,23801,Middletown,CA,95461,221116
101358,Northrop Grumman - Palmdale,2018,11483.2095,0,11483.2095,Palmdale,CA,93550,336411
104227,Northrop Grumman Marine Systems - Sunnyvale,2018,16461.43777,0,16461.43777,Sunnyvale,CA,94088,333611
104324,Northrop Grumman Systems Corp. - Redondo Beach,2018,11131.25759,0,11131.25759,Redondo Beach,CA,90278,336414
100076,NOVE Power Plant,2018,752.7479799,0,752.7479799,Richmond,CA,94801,562212
101135,NRG Energy - El Cajon,2018,0,0,0,El Cajon,CA,97219,221112
100164,NRG Energy - El Segundo,2018,485579.0517,485579.0517,0,El Segundo,CA,90245,221112
101534,NRG Energy - Encina,2018,233880.924,233877.7713,3.152681101,Carlsbad,CA,92008,221112
101408,NRG Energy - Kearny 2 and 3,2018,0,0,0,San Diego,CA,92123,221112
100208,NRG Energy - Long Beach,2018,21478.28595,21478.28595,0,Long Beach,CA,90802,221112
104217,"NRG, Marsh Landing Generating Station ",2018,139464.4533,139464.4533,0,Antioch,CA,94509,221112
101500,Olam West Coast Inc - Williams,2018,36827.88146,36827.88146,0,Williams,CA,95987,311421
101213,Olam West Coast Inc- Lemoore,2018,43819.01887,43819.01887,0,Lemoore,CA,93245,311421
104069,"Olam West Coast, Inc. - Firebaugh",2018,30365.79759,30365.79759,0,Firebaugh,CA,93622,311423
101284,"Olam West Coast, Inc. - Gilroy",2018,35316.97469,35316.97469,0,Gilroy,CA,95020,311423
104378,"Olive View Medical Center, Los Angeles County Department of Health Services",2018,18437.64799,0,18437.64799,Sylmar,CA,91342,622110
100236,OLS Energy Chino,2018,18702.51442,18702.51442,0,Chino,CA,91710,221112
101745,Orange County Central Utility Facility,2018,36406.44213,0,36406.44213,Santa Ana,CA,92703,921190
100255,Orange County Sanitation District - Plant 1,2018,26802.0241,0,26802.0241,Fountain Valley,CA,92708,221320
101280,Orange County Sanitation District - Plant 2,2018,31352.39921,0,31352.39921,Huntington Beach,CA,92646,221320
104053,Orange Grove Energy Center,2018,20373.7326,20373.7326,0,Pala,CA,92059,221112
104675,Orange Plant - R.J. Noble,2018,11197.1571,0,11197.1571,Orange,CA,92865,324121
104495,"Ormat Nevada, Inc. / ORNI 18 North Brawley - Geothermal",2018,32980.02314,0,32980.02314,Brawley,CA,92227,221116
100695,"Ormat Nevada, Inc./ GEM 2 & 3 - Geothermal",2018,12418.75223,0,12418.75223,Holtville,CA,92250,221119
101357,Ormond Beach Generating Station,2018,119926.9337,119926.9337,0,Oxnard,CA,93033,221112
100106,Otay Landfill Gas LLC,2018,22351.28566,0,22351.28566,Chula Vista,CA,91911,221117
101154,"Owens Corning Insulating Systems, LLC Santa Clara",2018,17193.00727,17193.00727,0,Santa Clara,CA,95050,327993
104778,"Owens Corning Roofing and Asphalt, LLC",2018,10209.41288,0,10209.41288,Compton,CA,90222,324122
101183,"Owens-Brockway Glass Container, Tracy",2018,86233.5169,86233.5169,0,Tracy,CA,95377,327213
101475,"Owens-Brockway Glass Container, Vernon",2018,58407.92116,58407.92116,0,Vernon,CA,90058,327213
104419,"PABCO Clay Products, LLC, dba Gladding McBean",2018,14734.75723,0,14734.75723,Lincoln,CA,95648,327123
104733,PABCO Gypsum Newark,2018,28674.34847,28674.34847,0,Newark,CA,94536,327420
104383,PABCO Paper,2018,17870.7302,0,17870.7302,Vernon,CA,90058,322121
104616,Pacific Clay Products,2018,11083.01515,0,11083.01515,Lake Elsionre,CA,92530,327120
101674,Pacific Coast Energy Company LP,2018,34992.92712,34870.99461,121.9325178,Orcutt,CA,93455,211111
101207,Pacific Coast Producers,2018,34835.45243,34835.45243,0,Woodland,CA,95776,311421
104740,Pacific Continental Textiles,2018,7557.951663,0,7557.951663,East Rancho Domininguez,CA,90221,333249
104540,"Pacific Ethanol Madera, LLC",2018,40212.29882,40212.29882,0,Madera,CA,93638,325193
104048,"Pacific Ethanol Stockton, LLC",2018,63015.25149,63015.25149,0,Stockton,CA,95206,325193
3002,Pacific Gas and Electric Company (PG&E) - Electric Power Entity,2018,876352.2902,0,876352.2902,San Francisco ,CA,94105,221122
104025,"Pacific Gas and Electric Company (PG&E) - Gas Distribution System Fugitive Emissions (San Francisco, CA)",2018,497298.773,0,497298.773,San Francisco,CA,94105,221210
104024,Pacific Gas and Electric Company (PG&E) - Supplier of Natural Gas ,2018,41664524.94,18326657.51,23337867.43,San Francisco,CA,94105,221210
101298,Pacific Ultrapower Chinese,2018,281662.5767,0,281662.5767,Jamestown,CA,95327,221117
3003,PacifiCorp,2018,674175.9103,674175.9103,0,Portland,OR,97232,221122
104669,Pactiv - Red Bluff,2018,10546.31393,0,10546.31393,Red Bluff,CA,96080,322299
104738,Palo Alto V.A. Health Care System Division,2018,9545.83243,0,9545.83243,Palo Alto,CA,94304,622110
101740,"Panoche Energy Center, LLC",2018,311022.799,311022.799,0,Firebaugh,CA,93622,221112
104500,Paramount Petroleum Corporation - Fuel Supplier,2018,9024.807354,0,9024.807354,Paramount,CA,90723,325199
3049,"Pasadena Water and Power, 91101",2018,444595.9075,444595.9075,0,Pasadena,CA,91101,221122
100179,"Pasadena Water and Power, Glenarm",2018,42981.95702,42981.95702,0,Pasadena,CA,91105,221112
104698,Peninsula Clean Energy (PCE),2018,0,0,0,Redwood City,CA,94061,221122
104089,Petro-Diamond,2018,2112193.844,1985959.418,126234.4257,Irvine,CA,92614-6714,424720
104022,PG&E Burney Compressor Station,2018,30226.47461,25154.6145,5071.860118,Burney,CA,96013,221210
101758,PG&E Colusa Generating Station,2018,1169153.446,1169153.446,0,Maxwell,CA,95955,221112
101562,PG&E Delevan Compressor Station,2018,45644.01144,40901.99859,4742.012842,Willows,CA,95979,221210
101741,PG&E Gateway Generating Station,2018,1163952.424,1163952.424,0,Antioch,CA,94509,221112
101747,PG&E Gerber Compressor Station,2018,57876.30815,53124.48755,4751.820601,Gerber,CA,96035,221210
101290,PG&E Hinkley Compressor Station,2018,57570.84071,46348.8295,11222.01121,Hinkley,CA,92347,221210
100192,PG&E Humboldt Bay Generating Station,2018,179024.5331,178176.7999,847.7332596,Eureka,CA,95503,221112
101563,PG&E Kettleman Compressor Station,2018,15221.6841,0,15221.6841,Avenal,CA,93204,221210
104021,PG&E McDonald Island Underground Storage Station,2018,20564.38676,0,20564.38676,Stocton,CA,95206,221210
104023,PG&E Tionesta Compressor Station,2018,36993.21911,35602.47345,1390.74566,Tionesta,CA,96015,221210
101031,PG&E Topock Compressor Station,2018,35158.89318,29739.07988,5419.813303,Needles,CA,92363,221210
104010,Phillips 66 Company - Fuel Supplier,2018,19419378.37,18264189.67,1155188.698,Houston,TX,77042,424710
100913,Phillips 66 Company - Los Angeles Refinery - Carson Plant,2018,936704.4818,935675.6371,1028.844697,Carson,CA,90745,324110
100329,Phillips 66 Company - Los Angeles Refinery - Wilmington Plant,2018,1923612.533,1920797.779,2814.754087,Wilmington,CA,90744,324110
100351,Phillips 66 Company - San Francisco Carbon Plant,2018,220999.6092,220995.9532,3.655980594,Rodeo,CA,94572,324199
100303,Phillips 66 Company - San Francisco Refinery,2018,1259934.912,1259374.045,560.8673888,Rodeo,CA,94572,324110
101226,Phillips 66 Company - Santa Maria Refinery,2018,169295.8176,169078.831,216.9865629,Arroyo Grande,CA,93420,324110
104728,Pico Rivera Innovative Municipal Energy (PRIME),2018,0,0,0,Pico Rivera,CA,90660-1016,221122
3016,"Pilot Power Group, Inc.",2018,0,0,0,San Diego,CA,92122,221122
104494,"Pilot Travel Centers, LLC",2018,856259.4571,829353.4158,26906.04126,Knoxville,TN,37909,424720
104667,Pio Pico Energy Center,2018,80552.81874,80552.81874,0,San Diego,CA,92154,221112
104773,Pioneer Community Energy (PIO),2018,0,0,0,Rocklin,CA,95677,221122
100151,Pitchess Cogeneration Station,2018,79245.69338,79245.69338,0,Saugus,CA,91350,922140
5024,Pittsburg Power Company- EPE,2018,0,0,0,Vallejo,CA,94592,221122
101685,Pixley Cogeneration Partners / Calgren Renewable Fuels,2018,141405.5641,73472.80711,67932.75697,Pixley,CA,93256,221112
100888,Plains LPG Services/ Lone Star Frac & Isom Facility,2018,1044253.518,74012.17691,970241.3409,Shafter,CA,93263,211112
104557,"Plains Marketing, L.P.",2018,121331.9096,121331.9096,0,Calgary,AB,T2P 0A7,424720
104731,Plains Midstream Canada ULC,2018,199952.4945,199952.4945,0,Calgary,AB,T2P 0A7,424720
3100,Plumas-Sierra REC,2018,2100.72672,2100.72672,0,Portola,CA,96122-7069,221122
3051,Port of Oakland,2018,0,0,0,Oakland,CA,94607,221122
3052,"Port of Stockton, 95203",2018,0,0,0,Stockton,CA,95203,221122
2127,Portland General Electric Company,2018,419127.9287,156002.0887,263125.84,Portland,OR,97204,221112
104681,"Potrero Hills Energy Producers, LLC",2018,34473.64856,0,34473.64856,Suisun City,CA,94585,221117
3053,Power and Water Resources Pooling Authority (PWRPA),2018,0,0,0,Tracy,CA,95304,221310
3101,Powerex Corp - AO/CS,2018,0,0,0,Vancouver,BC,V6C 2X8,221111
2243,Powerex Corp. - Marketer,2018,595063.6339,12142.55021,582921.0837,Vancouver,BC,V6C 2X8,221111
101053,Praxair Inc.,2018,80001.58555,80001.58555,0,Ontario,CA,91761,325120
104777,"Praxair Plainfield, Inc.",2018,0,0,0,San Ramon,CA,94583,221122
104394,Press Forge Co,2018,17773.33515,0,17773.33515,Paramount,CA,90723,332112
104206,Prime Wheel Corporation,2018,16754.979,0,16754.979,Gardena,CA,90248,336390
104423,Procter & Gamble Manufacturing Co. - Sacramento Plant,2018,20356.2114,20356.2114,0,Saramento,CA,95826,325199
101497,"ProEnergy - Greenleaf Energy Unit 1, LLC",2018,31633.86811,31633.86811,0,Yuba City,CA,95993,221112
100182,"ProEnergy - Greenleaf Energy Unit 2, LLC",2018,116663.6665,116663.6665,0,Yuba City,CA,95993,221112
104096,ProPetroleum Inc.,2018,107720.1946,107720.1946,0,Lubbock ,TX,79416,424720
104625,Public Service Company of Colorado (PSCo),2018,299069.357,5889.35704,293180,denver,CO,80202,221112
104744,Public Service Company of New Mexico,2018,1704.742223,1704.742223,0,Albuquerque,NM,87102,221122
104462,Puget Sound Energy,2018,3712.423555,3712.423555,0,Bellevue,WA,98004,221121
101400,"Qualcomm, Inc. - Morehouse Facility",2018,23515.00112,0,23515.00112,San Diego,CA,92121,541990
101523,"Qualcomm, Inc. - Pacific Center Facility",2018,41004.47484,41004.47484,0,San Diego,CA,92121,541990
104197,"Quemetco, Inc.",2018,39151.96315,39151.96315,0,City of Industry,CA,91746,331492
5028,Questar Southern Trails,2018,0,0,0,Farmington,NM,87401,486210
104391,Rady Children's Hospital San Diego,2018,22750.63429,0,22750.63429,San Diego,CA,92123,622310
104203,Rainbow Energy Marketing Corporation (REMC),2018,16244.3976,16244.3976,0,Bismarck,ND,58504,221122
3054,Rancho Cucamonga Municipal Utility,2018,0,0,0,Rancho Cucamonga,CA,91730,221122
104767,Rancho Mirage Energy Authority (RMEA),2018,0,0,0,Rancho Mirage,CA,92270,221122
3055,Redding Electric Utility,2018,105847.999,50056.48696,55791.512,Redding,CA,96001,221122
100256,Redding Electric Utility - Redding Power Generation,2018,112179.611,112179.611,0,Redding,CA,96001,221112
104712,Redwood Coast Energy Authority,2018,23814.348,466.948,23347.4,Eureka,CA,95501,221122
104560,"REG Marketing & Logistics Group, LLC",2018,447547.6914,0,447547.6914,Ames,IA,50010,325199
104198,Richard J Donovan Correctional Facility,2018,3965.971338,0,3965.971338,,,,922140
100265,Rio Bravo Fresno,2018,269611.6207,0,269611.6207,Fresno,CA,93725,221117
100055,Rio Bravo Rocklin,2018,274831.6,0,274831.6,Lincoln,CA,95648,221117
104691,Rio Tinto - Wilmington,2018,11535.66623,0,11535.66623,Wilmington,CA,90744,325180
104056,River City Petroleum,2018,1113272.552,1059044.88,54227.6724,Sacramento,CA,95834,424720
100387,Riverside Public Utilities - Clearwater Facility,2018,7089.177315,0,7089.177315,Corona,CA,92880,221112
100392,Riverside Public Utilities - Riverside Energy Resource Center,2018,50780.93216,50780.93216,0,Riverside,CA,92504,221112
104037,Robinson Oil Supply & Transport,2018,280429.2483,264179.4853,16249.763,Santa Clara,CA,95050,424720
100196,"Rohr, Inc., a Collins Aerospace Company-Cogen Plant",2018,11346.93522,0,11346.93522,Chula Vista,CA,91910,336413
101702,Roseburg Forest Products,2018,126503.6004,0,126503.6004,Weed,CA,96094,321212
3057,Roseville Electric,2018,102028.05,102028.05,0,Roseville,CA,95747,221122
101270,"Roseville Electric, Roseville Energy Park",2018,117819.05,117819.05,0,Roseville,CA,95747,221112
100130,"Sacramento Municipal Utility District (SMUD) , Carson Ice CG",2018,179633.3737,171386.7925,8246.58118,Elk Grove,CA,95758,221112
100365,"Sacramento Municipal Utility District (SMUD) , Cosumnes Power Plant",2018,1311999.894,1224927.994,87071.9,Herald,CA,95638,221112
100252,"Sacramento Municipal Utility District (SMUD) , SCA",2018,372601.0578,372601.0578,0,Sacramento,CA,95826,221112
100125,"Sacramento Municipal Utility District (SMUD) , SPA",2018,341881.7913,341881.7913,0,Sacramento,CA,95824,221112
3058,Sacramento Municipal Utility District (SMUD) - Electric Power Entity,2018,434016.9953,68765.92474,365251.0706,Sacramento,CA,95817-1899,221121
104352,Sacramento Municipal Utility District (SMUD) - Gas Pipeline,2018,2170723.472,0,2170723.472,Sacramento,CA,95817-1899,486210
104632,Sacramento Rendering Company,2018,13481.28045,0,13481.28045,Sacramento,CA,95830-9498,311613
101035,Safety-Kleen of California Inc.,2018,0,0,0,Newark,CA,94560,324191
104357,Saint Agnes Medical Center,2018,18852.92578,0,18852.92578,Fresno,CA,92720,622110
104436,Saint Bernardine Medical Center,2018,8513.592645,0,8513.592645,San Bernardino,CA,92404,622110
101518,Salinas River Cogeneration Facility,2018,221854.6918,221854.6918,0,San Ardo,CA,93450,221112
104461,Salt River Project,2018,302265.4128,302265.4128,0,Tempe,AZ,85281,221112
104398,San Benito Foods,2018,17044.68077,0,17044.68077,Hollister,CA,95023,311421
3004,San Diego Gas & Electric (SDG&E) - Electric Power Entity,2018,887426.7247,887426.7247,0,San Diego,CA,92123,221122
104085,San Diego Gas and Electric (SDG&E) - Local Distribution,2018,4747012.414,2893783.515,1853228.899,San Diego,CA,92123-1548,221210
104115,San Diego Gas and Electric (SDG&E) - Natural Gas Distribution Sub W,2018,94318.20257,0,94318.20256,San Diego,CA,92123-1548,221210
104380,San Francisco General Hospital,2018,14587.66712,0,14587.66712,San Francisco,CA,94110,622110
3028,"San Francisco Hetch Hetchy Water and Power, CCSF",2018,0,0,0,San Francisco,CA,94102,221122
104367,San Francisco International Airport (SFO),2018,15111.24894,0,15111.24894,San Francisco,CA,94128,481111
104556,San Francisco Southeast Treatment Plant,2018,9073.077681,0,9073.077681,San Fracisco,CA,94124,221320
104768,San Jacinto Power ,2018,0,0,0,San Jacinto,CA,92583,221122
101239,San Joaquin Refining Company,2018,95417.18176,95052.23746,364.9443,Bakersfield,CA,93308,324110
104497,San Joaquin Refining Company - Fuel Supplier,2018,224018.5304,213880.4564,10138.074,Bakersfield,CA,93308,324110
104793,San Jose Clean Energy,2018,0,0,0,San Jose,CA,95113,221122
101140,San Jose/Santa Clara Regional Wastewater Facility,2018,36763.55982,0,36763.55982,San Jose,CA,95134,221320
101157,San Marcos Energy LLC,2018,9043.028098,0,9043.028098,San Marcos,CA,92069,221119
104670,Santa Barbara Cottage Hospital,2018,12227.0256,0,12227.0256,Santa Barbara,CA,93105,622110
104626,Santa Clara Valley Medical Center,2018,16903.69736,0,16903.69736,San Jose,CA,95128,622110
101439,Santa Cruz Energy LLC,2018,6091.245503,0,6091.245503,Santa Cruz,CA,95064,221119
104381,"Santa Maria Energy, LLC, Careaga Lease",2018,13138.51046,0,13138.51046,Santa Maria,CA,93455,211111
101186,Saputo Cheese USA Inc. - Paige,2018,70220.20006,70220.20006,0,Tulare,CA,93274-6863,311513
104396,Saputo Cheese USA Inc.- Levin,2018,11617.50326,0,11617.50326,Tulare,CA,93274,311513
101517,Sargent Canyon Cogeneration Facility,2018,0,0,0,San Ardo,CA,93450,221112
104358,Schlosser Forge Company,2018,27973.26406,27973.26406,0,Cucamonga,CA,91730,332112
101663,SDG&E - Cuyamaca Peak Energy Plant,2018,8981.990756,0,8981.990756,El Cajon,CA,92020,221112
101401,SDG&E - Miramar Energy Facility,2018,50448.91074,50448.91074,0,San Diego,CA,92121,221112
104221,SDG&E - Moreno Compressor Station,2018,4851.461424,0,4851.461424,Moreno Valley,CA,92555,486210
100362,SDG&E - Palomar Energy Center,2018,752975.2713,752975.2713,0,Escondido,CA,92029,221112
100011,Searles Valley Minerals Inc.,2018,1573636.757,1573636.757,0,Trona,CA,93562,212391
104503,"SEI Fuel Services, Inc.",2018,1564199.21,1461419.082,102780.1281,Irving,TX,75063,447110
2060,"Sempra Gas & Power Marketing, LLC",2018,1429317.84,1429317.84,0,San Diego,CA,92101,221122
104610,Seneca Foods Corporation ,2018,962.6677008,0,962.6677008,Modesto,CA,95354,311421
104091,Seneca San Joaquin Production Facilities,2018,294824.6922,294380.27,444.4222093,Fellows,CA,93224,211111
101315,Sensient Natural Ingredients LLC,2018,44838.51082,44627.01353,211.4972921,Livingston,CA,95334,311423
104219,"Sentinel Energy Center, LLC",2018,268703.6177,268703.6177,0,North Palm Springs,CA,92258,221112
104081,Sentinel Peak Resources - SJV Basin Facility,2018,808701.833,790245.5254,18456.30757,Fellows,CA,93224,211111
103016,Sentinel Peak Resources- AG Facility,2018,104246.6941,96026.42173,8220.272392,San Luis Obispo,CA,93401,211111
104792,"Setton Pistachio of Terra Bella, Inc",2018,9999.985456,0,9999.985456,Terra Bella,CA,93270,311911
104202,SFPP L.P. - Colton Terminal,2018,14292.55026,0,14292.55026,Bloomington,CA,92316,493190
104615,Sharp Grossmont Hospital,2018,19077.15769,0,19077.15769,La Mesa,CA,91942,622110
104340,Shell Catalysts & Technologies,2018,15475.39716,0,15475.39716,Pittsburg,CA,94565,325188
104325,Shell Chemical LP - Martinez Catalyst Plant,2018,14009.3097,0,14009.3097,Martinez,CA,94553,325188
3081,"Shell Energy North America (US), L.P. - EPE",2018,374015.9725,110392.9673,263623.0051,San Diego,CA,92121,221122
100914,Shell Oil Products US - Martinez,2018,3907119.542,3906217.142,902.3998315,Martinez,CA,94553,324110
104051,Shell Oil Products US - Supply - Fuel Supplier,2018,13211017.49,12436963.39,774054.0997,Houston,TX,77002,424710
104543,Shell Trading US Company - Fuel Supplier,2018,441817.041,0,441817.041,Houston,TX,77002,424720
104511,Shiralian Enterprises,2018,363288.0478,346458.9902,16829.0576,Fresno,CA,93711,447190
104329,Shultz Steel Company,2018,27511.83486,27511.83486,0,South Gate,CA,90280,331221
104614,Sierra Aluminum Company,2018,15565.96984,0,15565.96984,Riverside,CA,92509,331318
100090,"Sierra Pacific Industries (SPI) - Anderson, 96007",2018,304220.1765,0,304220.1765,Anderson,CA,96007,321113
100043,Sierra Pacific Industries (SPI) - Burney,2018,169469.8249,0,169469.8249,Burney,CA,96013,321113
101680,Sierra Pacific Industries (SPI) - Lincoln,2018,223891.681,0,223891.681,Lincoln,CA,95648,321113
101378,Sierra Pacific Industries (SPI) - Quincy Division,2018,295180.526,0,295180.526,Quincy,CA,95971,321113
101681,Sierra Pacific Industries (SPI) - Shasta Lake,2018,44982.71137,0,44982.71137,Shasta Lake,CA,96019,321113
101682,Sierra Pacific Industries (SPI) - Sonora,2018,141796.9546,0,141796.9546,Sonora,CA,95370,321113
2438,Sierra Pacific Power Company (dba NV Energy),2018,132040.6279,132040.6279,0,las vegas ,NV,89146,221121
104766,Sierra Resources Santa Barbara Basin,2018,14408.4485,0,14408.4485,Los Alamos,CA,93440,211111
104090,Signal Hill Petroleum Facilities,2018,31083.98531,30462.1374,621.8479121,Signal Hill,CA,90755,211111
104720,Silicon Valley Clean Energy Authority,2018,0,0,0,Sunnyvale,CA,94087,221122
3061,"Silicon Valley Power (SVP), City of Santa Clara",2018,99672.75984,2442.612853,97230.14699,Santa Clara,CA,95050,221122
101438,"Silicon Valley Power (SVP), City of Santa Clara , Cogen",2018,39192.82285,39192.82285,0,Santa Clara,CA,95050,221112
101436,"Silicon Valley Power (SVP), City of Santa Clara , DVR",2018,369242.3869,369242.3869,0,Santa Clara,CA,95054,221112
101691,Smithfield Packaged Meats Corp,2018,19529.22853,0,19529.22853,Vernon,CA,90058,311613
104798,"Soil Safe of California, Inc.",2018,10455.13093,0,10455.13093,Adelanto ,CA,92301,562213
104764,Solana Energy Alliance (SEA),2018,4583.88,89.88,4494,Solana Beach,CA,92075,221122
101118,Solar Turbines Incorporated - Kearny Mesa,2018,42806.3985,41202.6701,1603.728397,San Diego,CA,92123,333611
104537,Sonoma Clean Power (SCP),2018,0,0,0,Santa Rosa,CA,95404,221122
100096,Sonoma County Landfill Gas to Energy,2018,27043.18582,0,27043.18582,Petaluma,CA,94952,562212
104612,Sonoma Developmental Center,2018,9562.491731,0,9562.491731,Eldridge,CA,95431,623210
100063,Southeast Resource Recovery Facility (SERRF),2018,327342.2431,74127.74312,253214.5,Long Beach,CA,90802,562213
101539,Southern California Edison (SCE) - Barre,2018,18187.72566,0,18187.72566,Stanton,CA,90680,221112
101537,Southern California Edison (SCE) - Center,2018,9749.094008,0,9749.094008,Norwalk,CA,90650,221112
3005,Southern California Edison (SCE) - Electric Power Entity,2018,1209810.415,373500.1272,836310.288,Rosemead,CA,91770,221121
101538,Southern California Edison (SCE) - Grapeland,2018,6843.79438,0,6843.79438,Rancho Cucamonga,CA,91739,221112
104326,Southern California Edison (SCE) - McGrath Peaker,2018,12973.50028,0,12973.50028,Oxnard,CA,93035,221112
100394,Southern California Edison (SCE) - Mira Loma,2018,13184.8048,0,13184.8048,Ontario,CA,91761,221112
100344,Southern California Edison (SCE) - MountainView,2018,820891.7782,820891.7782,0,Redlands,CA,92374,221112
101673,Southern California Edison (SCE) - Pebbly Beach,2018,22424.94299,0,22424.94299,Avalon,CA,90704,221112
101349,Southern California Gas Co - Aliso Canyon Facility,2018,11956.93266,5102.2518,6854.680861,Northridge,CA,91326,486210
101675,Southern California Gas Co - Blythe Facility,2018,43494.07157,35409.81899,8084.252582,Blythe,CA,92225,486210
104082,Southern California Gas Co - Distribution,2018,1363737.347,0,1363737.347,Los Angeles,CA,90013,221210
100915,Southern California Gas Co - Honor Rancho Facility,2018,37057.42034,32844.12989,4213.29045,Valencia,CA,91355,486210
104365,Southern California Gas Co - Kelso Facility,2018,90.26385775,0,90.26385775,Kelso,CA,92351,486210
101348,Southern California Gas Co - Newberry Springs Facility,2018,1164.49654,0,1164.49654,Newberry Springs,CA,92365,486210
101346,Southern California Gas Co - South Needles Facility,2018,2011.601028,1467.756386,543.8446414,Needles,CA,92363,486210
104220,Southern California Gas Co - Wheeler Ridge Compressor Station,2018,20553.48592,0,20553.48592,Mettler,CA,93313,486210
5002,Southern California Gas Company - End User Emissions,2018,39890210.62,20661693.35,19228517.27,Los Angeles,CA,90013,221210
104212,"Southern Counties Oil Co., A California Limited Partnership",2018,243505.3022,231009.2354,12496.0668,Orange,CA,92867,424720
5013,Southwest Gas Distribution Facilities,2018,750629.1609,725918.4509,24710.71003,Las Vegas,NV,89150-0002,221210
101241,"Spreckels Sugar Company, Inc.- Brawley",2018,75526.84132,63757.96653,11768.87479,Brawley,CA,92227,311313
100263,SRI International Cogen Project,2018,24990.19771,0,24990.19771,Menlo Park,CA,94025,221112
104635,Stanford University,2018,19663.645,0,19663.645,Palo Alto,CA,94304,611310
101025,Stanislaus Food Products,2018,56919.96944,56919.96944,0,Modesto,CA,95354,311421
104409,State of California Central Utility Plant - General Services,2018,11739.31411,0,11739.31411,Sacramento,CA,95811,221330
104370,Steelscape Inc.,2018,20747.8679,0,20747.8679,Rancho Cucamonga,CA,90730,332812
104619,Suburban Propane,2018,3408.292599,0,3408.292599,Whippany,NJ,7981,424710
104797,SunOpta Aseptic,2018,10036.49262,0,10036.49262,Modesto,CA,95354,312111
100948,Sunrise Power Company,2018,1008904.393,1008904.393,0,Fellows,CA,93224,221112
104709,SunSelect Produce (California) Inc,2018,26022.12769,26022.12769,0,Tehachapi ,CA,93561,111419
104550,"Sunshine Gas Producers, LLC",2018,98257.92128,0,98257.92128,Sylmar,CA,91342,221117
104794,Superior Gas Liquids USA,2018,44396.09958,44396.09958,0,Calgary,AB,T2P 3G2,424720
104579,Surprise Valley Electrification Corp.,2018,0,0,0,Alturas,CA,96101,221122
100886,Sycamore Cogeneration Facility,2018,909459.1493,909459.1493,0,Bakersfield,CA,93308,221112
101684,Sycamore Energy LLC,2018,21606.81346,0,21606.81346,Santee,CA,92072,221119
104567,Tacoma Power - ACS,2018,0,0,0,Tacoma,WA,98408,221111
105757,Tacoma Power - Marketer,2018,948.09408,948.09408,0,Tacoma,WA,98409,221111
101073,TAMCO,2018,75778.45095,75778.45095,0,Rancho Cucamonga,CA,91739,331111
104790,Teichert Materials,2018,10193.56027,0,10193.56027,Tracy,CA,95304,212321
104194,Tenaska Power Services Co.,2018,74617.7532,74617.7532,0,Arlington,TX,76006,221122
2427,"Terra-Gen Dixie Valley, LLC",2018,35049.52041,0,35049.52041,Reno,NV,89521,221119
104516,"Tesla, Inc.",2018,23770.25886,23770.25886,0,Fremont,CA,94538,336111
5012,Tesoro Refining and Marketing - Fuel Supplier,2018,46154867.49,43347749.61,2807117.878,tbd,CA,90120,424710
101331,Tesoro Refining and Marketing Co. - Martinez,2018,2220528.311,2220124.036,404.2745333,Martinez,CA,94553,324110
2278,"The Energy Authority, Inc.",2018,6393.10296,2134.50296,4258.6,Jacksonville,FL,32202,221122
101582,The P&G Paper Products Co.,2018,315435.4151,315435.4151,0,Oxnard,CA,93030,322121
104518,The Regents of the University of California - EPE,2018,0,0,0,Oakland,CA,94607,611310
104327,The Soco Group Inc.,2018,311639.0168,297014.3639,14624.65293,Carlsbad,CA,92008,424720
104647,The Sun Valley Group,2018,14463.1549,0,14463.1549,Arcata,CA,95521,111422
5047,"Tiger Natural Gas, Inc. - EPE",2018,0,0,0,Tulsa,OK,74136,221122
104620,Timber Products Company Yreka Veneer,2018,16767.67289,0,16767.67289,Yreka,CA,96097,321212
101502,Tomatek / Neil Jones Food Companies,2018,29138.17514,29138.17514,0,Firebaugh,CA,93622,311421
100217,Torrance Refinery,2018,3049472.91,3048900.794,572.11627,TORRANCE,CA,90504,324110
104476,Torrance Refining Company LLC  - Fuel Supplier,2018,10565994.52,9877815.064,688179.451,Torrance,CA,90504,424710
100358,Tracy Combined Cycle Plant,2018,390233.1895,390233.1895,0,Tracy,CA,93725,221112
2312,"TransAlta Energy Marketing (US), Inc.",2018,182003.9211,160775.1211,21228.8,Calgary,AB,T2P2M1,221122
104230,TransCanada Energy Sales Ltd.,2018,135571.0886,135571.0886,0,Calgary,AB,T2P 5H1,221122
104760,Transwestern - Topock,2018,0,0,0,golden shores,AZ,86436,486210
101460,"TRC Cypress Group, LLC",2018,34370.64183,34083.17239,287.4694419,Taft,CA,93268,211111
104005,"Tricor Refining, LLC",2018,46114.76835,41595.64018,4519.128175,Bakersfield,CA,93308,324110
3063,Truckee Donner Public Utility District,2018,64995.52765,32422.26784,32573.25981,Truckee,CA,96161,221122
100952,"TST, Inc.",2018,19340.69461,19340.69461,0,Fontana,CA,92337,331314
3064,Turlock Irrigation District (TID),2018,441646.8636,349930.3156,91716.548,Turlock,CA,90120,221122
100111,"Turlock Irrigation District (TID), Almond Power Plant",2018,95279.81151,95279.81151,0,Modesto,CA,95358,221112
100371,Turlock Irrigation District/ Walnut Energy Center,2018,554756.9421,554756.9421,0,Turlock,CA,95380,221112
104714,Tuscarora Gas Transmission - Shoetree Compressor Station,2018,9353.138248,0,9353.138248,Litchfield,CA,96117,486210
5010,Tuscarora Gas Transmission Pipeline,2018,0,0,0,Reno,NV,89502,486210
104515,"Twin Eagle Resource Management, LLC",2018,2904.87024,2904.87024,0,Houston,TX,77040,523130
100300,"U.S. Borax, 93516",2018,338822.5278,338822.5278,0,Boron,CA,93516,212391
101271,U.S. Gypsum Co Plaster City Plant,2018,73163.93407,73163.93407,0,Imperial,CA,92251,327420
104068,UC Davis Medical Center,2018,61877.49979,61873.00406,4.495729638,Sacramento,CA,95817,622110
101205,Ultramar Inc - Valero Wilmington,2018,1070130.362,1069699.128,431.234042,Wilmington,CA,90744,324110
104062,Union Pacific Railroad Company,2018,685109.4713,685109.4713,0,Omaha,NE,68179,482111
101124,"United Airlines, Inc. - San Francisco Maintenance Center",2018,25312.03893,0,25312.03893,San Francisco,CA,94128,488190
104545,United Pacific Energy,2018,22892.86529,22892.86529,0,Reno,NV,89509,424720
101469,United States Pipe & Foundry Co. LLC,2018,43299.98829,43299.98829,0,Union City,CA,94587,331511
104514,"University of California, Berkeley",2018,123900.6303,123899.777,0.853265423,Berkeley,CA,94720,611310
100305,"University of California, Davis",2018,56227.77577,55872.62005,355.1557159,Davis,CA,95616,611310
101296,"University of California, Irvine",2018,68927.48435,68923.85581,3.628537778,Irvine,CA,92697,611310
100997,"University of California, Los Angeles, UCLA",2018,223913.6609,223913.5491,0.111829995,Los Angeles,CA,90095,611310
104173,"University of California, Riverside, UCR",2018,22900.37694,0,22900.37694,Riverside,CA,92521,611310
101305,"University of California, San Diego, UCSD",2018,151298.735,151298.735,0,La Jolla,CA,92093,611310
101416,"University of California, San Francisco",2018,55002.17964,54960.04881,42.13082399,San Francisco,CA,94143,611310
104372,"University of California, Santa Barbara",2018,18115.86591,18109.95717,5.908741009,Santa Barbara,CA,93106,611310
100273,"University of California, Santa Cruz, UCSC EH&S Office",2018,27117.11787,27112.06222,5.055651756,Santa Cruz,CA,95064,611310
104361,University of Southern California (USC) - University Park Campus (UPC),2018,19957.51331,0,19957.51331,Los Angeles,CA,90089-3161,611310
101068,USS-POSCO Industries,2018,33040.45003,33038.9827,1.467335115,Pittsburg,CA,94565,331221
104617,VA Greater Los Angeles Healthcare System,2018,11160.893,0,11160.893,Los Angeles,CA,90073,621491
104661,VA San Diego Healthcare System,2018,15427.00611,0,15427.00611,San Diego,CA,92161,923140
104071,Valero Marketing and Supply Company - Fuel Supplier,2018,20029018.46,18650608.1,1378410.365,San Antonio,TX,78249,424720
100372,"Valero Refining Company - California, Benicia Refinery and Benicia Asphalt Plant",2018,2855400.851,2854508.837,892.0135872,Benicia,CA,94510,324110
104444,Valero Wilmington Asphalt Plant,2018,14151.19266,0,14151.19266,Wilmington,CA,90744,324110
104750,Valley Clean Energy Alliance,2018,0,0,0,Davis,CA,95616,221122
104510,Valley Electric Association,2018,7542.215743,7542.215743,0,Pahrump,NV,89048,221122
104205,Vandenberg Air Force Base,2018,18173.24091,0,18173.24091,Vandenberg AFB,CA,93437,928110
104783,Vaquero Energy - Santa Barbara County,2018,22153.66493,0,22153.66493,Santa Maria,CA,93454,211111
104643,Ventura Coastal,2018,6759.605502,0,6759.605502,Visalia,CA,93291,333294
3066,"Vernon Public Utilities, Electric Power Entity",2018,0,0,0,Vernon,CA,90058,921190
5008,"Vernon Public Utilities, Gas Municipal Utility",2018,405422.4638,144928.6917,260493.7721,Vernon,CA,90058,221210
3067,Victorville Municipal Utility Services - EPE,2018,0,0,0,Victorville,CA,92393,221122
104571,Victorville Municipal Utility Services - Gas Utility,2018,11667.76775,0,11667.76775,Victorville,CA,92392,221210
100953,Vista Metals Corp.,2018,34427.02655,34427.02655,0,Fontana,CA,92335,331314
5014,Vitol - Fuel Supplier,2018,137114.8193,2928.246508,134186.5728,Houston,TX,77098,424720
104467,Vitol Inc. - EPE,2018,20179.54944,20179.54944,0,Houston,TX,77098,221122
101513,Vitro Flat Glass LLC,2018,91917.27906,91916.511,0.76806315,Fresno,CA,93725,327211
100058,Wadham Energy Ltd Partnership,2018,189017.8482,0,189017.8482,Williams,CA,95987,221119
104218,"Walnut Creek Energy, LLC",2018,207039.8161,207039.8161,0,City of Industry,CA,91745,221112
104745,WAPA - Colorado River Storage Project  ,2018,0,0,0,Page,AZ,86040,221111
3078,WAPA - Desert Southwest Region,2018,0,0,0,Phoenix,AZ,85009,221111
3079,WAPA - Sierra Nevada Region,2018,314953.5722,314953.5722,0,Folsom,CA,95630,221111
100060,Waste Management - Altamont Landfill,2018,38554.90102,0,38554.90102,Livermore,CA,94551,562212
104746,"Waste Management - Redwood Landfill, Inc.",2018,16682.13637,0,16682.13637,Novato,CA,94945,562212
104363,Weber Metals,2018,19029.63412,0,19029.63412,Paramount ,CA,90723,332112
5007,West Coast Gas Company Inc,2018,10258.28688,0,10258.28688,Sacramento,CA,90120,221210
104638,"Western Milling, Goshen CA",2018,8298.518365,0,8298.518365,Gosh,CA,93227,311119
100282,Wheelabrator Shasta Energy Company,2018,495112.4057,0,495112.4057,Anderson,CA,96007,221119
104392,Wild Goose Storage LLC,2018,28810.13042,27205.48642,1604.644,Gridley,CA,95948,486210
101343,"Wildflower Energy, LP - Indigo Generation, LLC",2018,19320.01616,19320.01616,0,N. Palm Springs,CA,92258,221112
100353,"Wildflower Energy, LP - Larkspur Energy Facility, LLC",2018,24999.88947,24999.88947,0,San Diego,CA,92154,221112
104359,Windset Farms,2018,37646.39239,37646.39239,0,Santa Maria,CA,93458,111419
101693,"Wm. Bolthouse Farms, Inc.",2018,26543.53092,26543.53092,0,Bakersfield,CA,93307,311991
101493,"Woodland Biomass Power, Ltd",2018,295005.8458,0,295005.8458,Woodland,CA,95776,221117
104679,WP&A Firebaugh,2018,14060.28004,0,14060.28004,Firebaugh,CA,93622,311911
104678,WP&A King,2018,9504.911849,0,9504.911849,Lost Hills,CA,93727,311911
101736,WP&A Lost Hills,2018,49719.17136,49719.17136,0,Lost Hills,CA,93249,311911
104618,WWF Operating Company,2018,17049.12827,0,17049.12827,City of Industry,CA,91748,311511
100322,Yuba City Cogeneration Partners LP,2018,5554.749037,0,5554.749037,Yuba City,CA,95993,221112